{
  "generatedAt": "2026-04-17T11:23:24.585Z",
  "input": {
    "langs": [
      "en"
    ],
    "threshold": 0.6,
    "wikidataBatchSize": 50,
    "wikiTitleBatchSize": 50,
    "textMinChars": 80,
    "textMinWords": 12,
    "skipTextAnalysis": false
  },
  "totals": {
    "events": 19803,
    "uniqueWikidataIds": 28444,
    "eventsWithoutWikidata": 11
  },
  "recommendations": {
    "decisionMetric": "usableCoverage.anyUsableRatio",
    "threshold": 0.6,
    "recommendedLangs": [],
    "excludedLangs": [
      "en"
    ]
  },
  "byLanguage": [
    {
      "lang": "en",
      "wikiKey": "enwiki",
      "thresholds": {
        "minChars": 80,
        "minWords": 12
      },
      "pageCoverage": {
        "anyPageCount": 19792,
        "anyPageRatio": 0.9994445286067768,
        "anyPagePct": 99.94,
        "primaryPageCount": 19792,
        "primaryPageRatio": 0.9994445286067768,
        "primaryPagePct": 99.94
      },
      "textCoverage": {
        "anyTextCount": 7418,
        "anyTextRatio": 0.37458970863000557,
        "anyTextPct": 37.46,
        "primaryTextCount": 7418,
        "primaryTextRatio": 0.37458970863000557,
        "primaryTextPct": 37.46
      },
      "usableCoverage": {
        "anyUsableCount": 7410,
        "anyUsableRatio": 0.3741857294349341,
        "anyUsablePct": 37.42,
        "primaryUsableCount": 7410,
        "primaryUsableRatio": 0.3741857294349341,
        "primaryUsablePct": 37.42,
        "belowUsableBreakdown": {
          "missing": 0,
          "disambiguation": 1,
          "shortOrLowContent": 12381
        },
        "sampleEventIdsNotUsable": [
          "000362e1ce5d3c2b9c99079e5bea7e28",
          "000731518a32c4f5a96ff41fa8158da8",
          "000b48485c700c8900a29420da0e82a7",
          "001ae688794d96510ba1fdb4933eb0c4",
          "002144f3e59fbd1814fddd43846cca0a",
          "002e0c060f4e9229923fc49ab3b7f480",
          "0031e639ad7264ccb5a90f186a91d707",
          "003569ad59c0ae8bc88e81d06e92e8eb",
          "003589ae2968e87336ea45e01bf55075",
          "00419ae313af9216d1bd4f4bf830dc66",
          "004281ce00501f4973ba923acdc70eb6",
          "004e0b6a537ce131c77748a528ed62db",
          "00536953aa069ecacdcaf92d8955d701",
          "00550ae815fd00d2e9aafbb96b8e3d17",
          "00557a304474a05fca5239339bf92a9a",
          "0056b4550d29030023e266f93e98fece",
          "005a72ad2b206edbc537a9b92f0809e1",
          "0061022c35bf73daefba230cea0d2a8c",
          "00661bcf6dcea6f70ebf3e817ca3d2f8",
          "0067115a3a7e508de0618b3019732e1d",
          "006eefe139b5c3b92cfe1cc7f10b4c28",
          "007ac063dedbee4384023799048cc4cb",
          "0081d9eafd5f73f457dbeddbd6368aa6",
          "00836db115a9ab1ae9bc7f9e4c5248c7",
          "0087c307f5b7f555de88d39c2ce67e4e",
          "008c2f411c6969da043bb04e307137a0",
          "009785586a50bad974443744166f67b8",
          "00987ad8bd76c5ea1d5d3da698fa83ad",
          "00a34414a9cd41623c6d20a9ecf6e4a2",
          "00a724a1c639b6ce38bf3af4243131e4",
          "00ae9bebc5f268027df37599d21f6874",
          "00b7e6ca767d1c88a85f7cdd1696c424",
          "00bcfd8ff9e0beaae7f47117720fcaef",
          "00d10a51b447aa3486a44958e2484322",
          "00d10b1e8d6527df0f393ce8e95ccd59",
          "00d2223fffce18c093bcd40a83a2cd64",
          "00d31bfb86bd4b83f5263e67ff5a97a1",
          "00e0aaefc7f204a379cd06d09e2fdfd4",
          "00e9ff317b379340e59e6ca3edc86dc1",
          "00f9e6f5bf67733ba33dd3692ccc8d54",
          "0102d4344283abe0d761dda25488c7e3",
          "0110484cc37d0ad4cc111a95fbc533f8",
          "011070f52fd8dadb4afa08b46cec85cc",
          "01173c4431fc6c9087b750eb56c892d9",
          "011bd940864a27d0e9a0355bc403ff45",
          "0120de17fc920e5e0a2cd16edbaaf04c",
          "01263fcb2d79e425e569bdc57b53fe28",
          "0127b7b13241410e8d4e987fc8ddf360",
          "013049f75f88f8b30b568407e686fc1c",
          "013114502eda99e6efba3983976946b8",
          "0132e8f7e273945bafd80ef0445a3608",
          "013302b5267fe689a315e5b576bb0874",
          "0137453644c96272c1aebd44bcba0417",
          "0139110aa2d423a1de770600908eef52",
          "013ebb098f00436ee765cf7d17cb0a68",
          "013ec51e284707a52970ca67ce0a2d32",
          "0141e5397c58ed6dbbd581e60afba33c",
          "014e81ed224d68ed2e190766a2ddee91",
          "015705c93082cb047c290733a5ef0ad3",
          "015ab242aeae66286d5f716315a853c1",
          "015e1d0e711d88938c71bce8755a6999",
          "016bfd39442b6d3d7d5f8f1d4c332688",
          "016ddb75f7b0720d207095504a4b184d",
          "0179b994e8e21a6646ed3b8151136056",
          "017f4bff77d68a00f12f36563bdf6929",
          "0182efe2549f1f6fadae1ec46d783083",
          "0183d836a5f41dcaa437f106cdff1a19",
          "018b44fb619d836b0f9fd98f2ccad56a",
          "018c2ef86887f3445c369f428e39d43d",
          "018f8625afe844faeed4a2f16edf5003",
          "0190c0b5a788f7491be49cc090df6a53",
          "01924cbbd67a64fd175df9492847879d",
          "0193ab073d30c72d3180c73d08ca4e84",
          "019a75bdc4bd1117e029fa4639104baa",
          "019ec899567d041c8bd6c64aa0f13aa9",
          "01a1cdb8efa2112952c4349f007bcb57",
          "01a58175c18450bad3802ee3990f2978",
          "01aab242cbe84b20f93e3c0c0720bbae",
          "01ad5647c583318a551d4f2964630447",
          "01aeea1344b47141adc388ac8e1e85f9",
          "01bb56900bfdac3a59435db8e5b656ab",
          "01bc916b1c91402f6febaebf91725860",
          "01bfc466a32855f97924634fcdc09a99",
          "01cf8a7feef7c9d50fe9bbede6e849a2",
          "01fa0a7b837ebe68b6832452455dca6f",
          "01fb44314e4f447b1e2109ecb3996d38",
          "02055bb27872bddda68e4201857476ea",
          "020ddd8b209fdf2edaa40bc087b0cfbd",
          "021d377751a5a3fbb09384348d90e2ed",
          "021ebaf3b6459fd4c4aed3e354fad6fd",
          "021f5f2a88cfa5d025d92a6c900fc1a7",
          "0223299006076991db59f2b47a5ae638",
          "023863b4acd9edd09b5106f97d149dd6",
          "023f2e7395cb8a9c742469a61367c671",
          "024280650a8dd54e0a61beac1ec255ff",
          "0242a1e9a7552489ab151c8e5ff49337",
          "024b2c2a0182727075e33e816c21124e",
          "025832567df1ff6d9e535c3da58303cb",
          "025918d960d9c9269716b8e026c4ad23",
          "0259be2c7474dfc84af03fa293112b61"
        ]
      },
      "meetsThreshold": false
    }
  ]
}
